Inference Time (s),Memory Usage (bytes)
46.45518112182617,953835520
43.989869832992554,988135424
43.62688446044922,988164096
43.298556089401245,988196864
43.539660930633545,988233728
43.52234697341919,988266496
43.31369352340698,988303360
43.71223711967468,988180480
43.51513910293579,988307456
43.38502621650696,1004130304
