Inference Time (s),Memory Usage (bytes)
30.163406372070312,2201370624
27.069493770599365,2204696576
27.00880455970764,2204704768
27.20288920402527,2204745728
27.206294298171997,2204606464
27.182331800460815,2204782592
27.220024347305298,2204815360
27.130524158477783,2204815360
27.206173181533813,2204717056
27.12101101875305,2204733440
