Inference Time (s),Memory Usage (bytes)
33.45331573486328,2200973312
30.648439407348633,2204098560
30.37144136428833,2204127232
30.513444662094116,2204127232
30.579179763793945,2204164096
30.50170922279358,2204196864
30.521320581436157,2204196864
30.533581733703613,2204196864
30.759089469909668,2204127232
30.973364114761353,2204200960
