Inference Time (s),Memory Usage (bytes)
24.14792037010193,1065406464
22.0087788105011,1065619456
22.005703449249268,1065734144
22.054590225219727,1065496576
22.0886709690094,1065631744
22.031330108642578,1065680896
21.99449849128723,1065586688
22.000936031341553,1065803776
22.026282787322998,1065762816
22.045069217681885,1065680896
